name,sexe,age,general health,ease of activity,breathing problem,fatigue,overall pain,concentration,sleep quality,severity score
Stef,0,60,5,1,6,6,3,5,5,6.1
Paul,0,59,7,7,3,3,3,6,4,3.4499999999999997
Francoise,1,75,5,3,8,8,4,3,9,6.2
Emma,1,64,6,3,3,3,8,7,9,3.5
Alice,1,24,8,3,2,0,3,2,10,1.4500000000000002
Antoine,0,50,6,5,4,4,3,7,8,3.8499999999999996
Julie,1,70,4,6,5,8,8,3,5,6.55
Bob,0,19,9,10,1,1,2,7,8,1.0
Patrick,0,83,3,0,10,10,9,2,4,8.8
Daniela,1,25,8,8,0,1,1,10,9,1.35
